Wavelength [$\mu$m],Venus,Earth,Mars,Jupiter,Saturn,Uranus,Neptune
0.29999998,0.3274856,0.0033996843,0.031531803,0.21720019,0.27050075,0.5412005,0.77140355
0.30111808,0.40334603,0.003971122,0.03127601,0.21881714,0.2394785,0.5321662,0.5721002
0.30223617,0.3316551,0.0048445924,0.031019699,0.23831391,0.23996046,0.5173214,0.57065344
0.30335426,0.38446724,0.0066675358,0.030873448,0.26777986,0.24626008,0.52359015,0.5742458
0.30447236,0.3341812,0.008352722,0.03062952,0.27039343,0.24192399,0.5215095,0.5822535
0.30559042,0.36975387,0.012796975,0.03044071,0.27046648,0.23348323,0.5195973,0.5705453
0.3067085,0.32684115,0.015939405,0.030310977,0.2726058,0.22991757,0.5384402,0.58159786
0.3078266,0.34803954,0.024493959,0.03023922,0.27073348,0.23180345,0.52944976,0.57955617
0.3089447,0.32707903,0.030154712,0.030099407,0.26877448,0.23104683,0.5252148,0.58020467
0.3100628,0.33311144,0.045541897,0.029966015,0.272157,0.2361256,0.5283512,0.5961224
0.3111809,0.3253821,0.053064793,0.0299115,0.27175736,0.23573823,0.5149827,0.56846356
0.31229898,0.32908896,0.074089944,0.029788302,0.26987678,0.23450205,0.518705,0.5713647
0.31341708,0.32214338,0.082558155,0.02965885,0.2706,0.23406582,0.51443976,0.5680854
0.31453514,0.32377553,0.11236609,0.029536182,0.27166757,0.23226754,0.5263431,0.58069855
0.31565323,0.31893343,0.11633692,0.029503977,0.27101943,0.22973993,0.52275753,0.5711971
0.31677133,0.3176703,0.14720951,0.029387463,0.27318597,0.22927879,0.5242804,0.5753804
0.31788942,0.315254,0.14888959,0.029268749,0.27139592,0.22547239,0.519616,0.57128423
0.31900752,0.3141249,0.1902513,0.029155048,0.27365565,0.22619624,0.5219249,0.572055
0.3201256,0.31133303,0.17875567,0.029048717,0.273386,0.22376618,0.5222266,0.5702266
0.3212437,0.31252596,0.23363902,0.02899491,0.27424368,0.22316554,0.53101593,0.582505
0.3223618,0.31436107,0.2012828,0.028923618,0.27434275,0.221386,0.52119005,0.57343733
0.32347986,0.31644443,0.2552836,0.028821265,0.27638024,0.22081028,0.5282806,0.5789616
0.32459795,0.31715712,0.23231502,0.02871807,0.27724028,0.22015052,0.52094644,0.5715515
0.32571605,0.31837878,0.23963155,0.028615795,0.27895185,0.21897775,0.5175369,0.5637622
0.32683414,0.31973752,0.27372047,0.02860142,0.2787,0.21745732,0.5107573,0.55742323
0.32795224,0.32077694,0.24517253,0.028505951,0.2808328,0.21719997,0.5170104,0.5654193
0.32907033,0.32180697,0.28353676,0.028417885,0.282,0.21622966,0.5205242,0.5687242
0.33018842,0.3231736,0.28344902,0.028338727,0.28247684,0.21461159,0.520461,0.5690313
0.33130652,0.3255206,0.2781687,0.0283709,0.28415325,0.21369348,0.5234805,0.57292664
0.33242458,0.32756355,0.29790854,0.028352508,0.28641227,0.21346928,0.52700615,0.575843
0.33354267,0.32997945,0.29695362,0.028333457,0.28755668,0.21257132,0.532198,0.5817693
0.33466077,0.33262742,0.30085704,0.028316403,0.28733483,0.21047406,0.52323484,0.57166976
0.33577886,0.3348333,0.30484977,0.028300751,0.28902847,0.20955773,0.52872354,0.5788341
0.33689696,0.337093,0.3062612,0.028313931,0.29089987,0.20890899,0.5311087,0.5825148
0.33801505,0.3394947,0.31117842,0.02831915,0.29214144,0.20821127,0.52598286,0.57540375
0.33913314,0.34293693,0.30870566,0.02830809,0.29271585,0.20699972,0.5222642,0.5723796
0.34025124,0.3451808,0.31527007,0.028297514,0.2930488,0.20533474,0.51262987,0.5599299
0.34136933,0.34558645,0.3067987,0.028288981,0.29566196,0.20543863,0.5214705,0.5699895
0.3424874,0.3458533,0.29895365,0.028281115,0.2959,0.2041126,0.5153781,0.56371593
0.3436055,0.34613374,0.3143778,0.0283259,0.296422,0.20220962,0.5178608,0.56469506
0.34472358,0.34638193,0.3187474,0.028321,0.30080566,0.20422472,0.5285092,0.576662
0.34584168,0.34669355,0.3142845,0.0283173,0.30069172,0.20228544,0.5196668,0.56975013
0.34695977,0.34693342,0.31323424,0.0283146,0.3032802,0.20228048,0.52287996,0.57328
0.34807786,0.34720102,0.31218296,0.0283128,0.30526376,0.20204696,0.5211764,0.5701375
0.34919596,0.34749016,0.3111318,0.028312,0.3054879,0.20069599,0.5223424,0.5729383
0.35031402,0.3476018,0.31008014,0.028317517,0.30519438,0.1990159,0.50920016,0.5582571
0.3514321,0.3473335,0.3090289,0.028326701,0.3073382,0.19949009,0.51815164,0.5659455
0.3525502,0.34738725,0.30797803,0.028335923,0.31047547,0.20002529,0.5239501,0.57475
0.3536683,0.3467302,0.30692568,0.028344994,0.30941707,0.19819753,0.511283,0.5583683
0.3547864,0.34658378,0.30587563,0.02844404,0.30892724,0.19633403,0.50911576,0.55554307
0.3559045,0.34625515,0.30482408,0.028580062,0.31145227,0.1964955,0.51363885,0.56131047
0.35702258,0.34601417,0.303772,0.0287153,0.31815884,0.19970158,0.5364071,0.58814186
0.35814068,0.34580263,0.3027213,0.028856184,0.31858474,0.19853303,0.5409256,0.5963158
0.35925877,0.34528518,0.30167013,0.02899845,0.31875017,0.19806488,0.52545416,0.5763484
0.36037683,0.34523615,0.30061844,0.029133644,0.31779,0.19605951,0.51893675,0.56907874
0.36149493,0.34567392,0.29956713,0.029268013,0.3198034,0.19634067,0.5188203,0.5702254
0.36261302,0.34609723,0.29851598,0.029401518,0.32037088,0.19576974,0.5114139,0.56152153
0.36373112,0.34627488,0.29746488,0.029533926,0.3221495,0.19614615,0.51908964,0.56842405
0.3648492,0.34670934,0.29641378,0.029665742,0.32493845,0.19712618,0.52576494,0.5771034
0.3659673,0.34710562,0.29536203,0.029797362,0.32137355,0.1942572,0.5055043,0.5527269
0.3670854,0.34771636,0.2943104,0.0299277,0.32441348,0.19511403,0.51369655,0.5619966
0.36820346,0.34836087,0.29325965,0.030066468,0.32694745,0.19584915,0.51710355,0.5676596
0.36932158,0.34826663,0.29220808,0.030209556,0.32821277,0.19609118,0.51691765,0.565901
0.37043965,0.34871143,0.29115644,0.030351475,0.3297253,0.19603701,0.5235354,0.5748363
0.37085414,0.34931064,0.29076707,0.030404203,0.33401278,0.19880226,0.53635633,0.5865669
0.3722363,0.35022497,0.2894677,0.030578563,0.3369996,0.19948609,0.5419986,0.59154415
0.37361845,0.35104674,0.2881673,0.030752096,0.34455234,0.20301232,0.561977,0.61488616
0.37500063,0.3517384,0.28686777,0.030923463,0.3453936,0.2032463,0.5581182,0.6117147
0.3763828,0.35267866,0.28556854,0.031094234,0.3417871,0.20068707,0.54137063,0.5923232
0.37776494,0.35329124,0.28426957,0.031263642,0.33920094,0.19882986,0.52153504,0.56739897
0.3791471,0.35416308,0.2829699,0.03143161,0.3433413,0.20088099,0.5338214,0.580757
0.38052925,0.35568166,0.28166974,0.031648476,0.34232318,0.20036462,0.52826774,0.57464767
0.38191143,0.35676152,0.28037047,0.031943116,0.35033503,0.20441215,0.5586417,0.60848886
0.3832936,0.35784578,0.2790704,0.032237284,0.35469583,0.20678943,0.5861791,0.63870883
0.38467574,0.35869527,0.27777126,0.032534275,0.3505699,0.20452815,0.5419728,0.5891563
0.3860579,0.36091572,0.2764722,0.03283116,0.35742083,0.20819594,0.56541234,0.61269915
0.3874401,0.3621703,0.2751719,0.0331235,0.3562794,0.2079197,0.5468779,0.5923374
0.38882223,0.36252353,0.27387276,0.033418186,0.3609166,0.21116108,0.5459108,0.5874275
0.3902044,0.36385453,0.27257204,0.033714008,0.36075547,0.21175988,0.542162,0.58394885
0.39158657,0.36656132,0.2712731,0.034010086,0.3586867,0.21149336,0.5317063,0.57263994
0.3929687,0.36875015,0.2699736,0.03429871,0.37021598,0.21703216,0.5880936,0.6356087
0.3943509,0.37136182,0.268674,0.034594037,0.37117365,0.21967544,0.5553435,0.59867316
0.39573303,0.37291667,0.26737443,0.034888975,0.36966655,0.21960002,0.5541621,0.5946282
0.3971152,0.37373084,0.26607457,0.035184477,0.3854482,0.22962424,0.60760283,0.65293884
0.39849737,0.3771623,0.26477534,0.03544292,0.37211645,0.22336777,0.5289322,0.5663296
0.39987952,0.37927744,0.26347548,0.03573332,0.3737988,0.22522892,0.532147,0.5681964
0.4012617,0.3825014,0.26217592,0.0363623,0.3744154,0.22719255,0.53112125,0.56434417
0.40264386,0.38456327,0.26087633,0.037019927,0.37391722,0.22842197,0.51810503,0.55144405
0.404026,0.3892029,0.2595761,0.037608687,0.3784185,0.23220149,0.535084,0.56948
0.40540817,0.3933385,0.25827685,0.03820793,0.3824572,0.23579699,0.5424765,0.5723386
0.40679032,0.39643127,0.25697732,0.03887471,0.38697094,0.2403782,0.54141283,0.56707424
0.4081725,0.3995614,0.25567764,0.03953843,0.3893688,0.24291375,0.5513064,0.58264947
0.40955466,0.402826,0.25437856,0.04007602,0.38995063,0.24441865,0.55491376,0.5875684
0.41093683,0.40844885,0.25307885,0.040752083,0.39255252,0.24801834,0.5544342,0.58542633
0.41231897,0.41227588,0.25177896,0.041433185,0.3959164,0.2518569,0.55337715,0.5824569
0.41370115,0.41627854,0.25047982,0.042111874,0.39963904,0.25624368,0.5598551,0.5879563
0.4150833,0.42035285,0.2497497,0.04278336,0.4015086,0.25914595,0.5634424,0.59035915
0.41646546,0.42459762,0.24909566,0.04343716,0.40064365,0.26069456,0.5523473,0.5779146
0.41784763,0.4298506,0.24856985,0.044086814,0.4066714,0.2665905,0.56959987,0.5939237
0.41922978,0.43354446,0.2449985,0.044733282,0.40877768,0.26982236,0.5608022,0.5799235
0.42061195,0.4385118,0.24439509,0.04540948,0.4099224,0.27316415,0.55685073,0.5748866
0.4219941,0.44303158,0.24472703,0.046123244,0.41231337,0.27620152,0.56897795,0.58968097
0.42337626,0.44758084,0.24461342,0.04676215,0.41582537,0.28042537,0.57460004,0.5963916
0.42475843,0.4521963,0.24569152,0.047485344,0.4180675,0.28392988,0.575739,0.5971701
0.4261406,0.45694077,0.24294116,0.048207067,0.4225375,0.28915936,0.57915086,0.5990399
0.42752275,0.4628385,0.24206923,0.048931662,0.42758268,0.29455787,0.59295154,0.6118515
0.42890492,0.4670455,0.24183342,0.049653012,0.42618847,0.29536715,0.589541,0.60718846
0.43028706,0.47115403,0.240701,0.050306816,0.43337888,0.30172238,0.61454934,0.62989056
0.43166924,0.47433653,0.23874187,0.051042028,0.4272134,0.3005942,0.5778095,0.59429216
0.4330514,0.4774972,0.23973681,0.051774345,0.42897505,0.30433765,0.57987297,0.5934758
0.43443355,0.48077485,0.23893942,0.052505724,0.4342292,0.310264,0.5881146,0.5986062
0.43581572,0.48434538,0.23712355,0.053239465,0.43370575,0.31199893,0.5725689,0.58056104
0.43719786,0.49019197,0.23724186,0.05394239,0.43518612,0.31488773,0.56576747,0.5704707
0.43858004,0.49382377,0.23620613,0.05466598,0.44519484,0.32397,0.59758997,0.6030649
0.4399622,0.49750292,0.23565343,0.055408303,0.43761355,0.32071903,0.5583491,0.5545007
0.44134438,0.5001871,0.23347177,0.0561671,0.43806022,0.32317978,0.5193537,0.5059312
0.44272652,0.50278014,0.23201674,0.056924004,0.4434672,0.3292591,0.5603912,0.5573768
0.4441087,0.5056218,0.2328057,0.057757188,0.44474348,0.33190763,0.5803315,0.58454895
0.44549084,0.5085292,0.23346427,0.058699705,0.4473083,0.33540848,0.5895989,0.5950351
0.446873,0.5139899,0.23243597,0.059685003,0.4497825,0.33925545,0.590162,0.59352547
0.44825518,0.5170493,0.23068844,0.060669683,0.4533844,0.34351197,0.59262055,0.5932378
0.44963732,0.52017975,0.23000447,0.061655283,0.45321867,0.34560263,0.58989733,0.59165066
0.4510195,0.5220809,0.22937347,0.06264355,0.45209137,0.34646213,0.58603394,0.5851401
0.45240164,0.5235288,0.22889389,0.063641004,0.4541252,0.34942025,0.5875412,0.5863302
0.4537838,0.5249822,0.22832216,0.06464987,0.4575755,0.35386476,0.58689433,0.58148885
0.45516598,0.52641195,0.22713804,0.06565948,0.458283,0.35593197,0.5882041,0.57946366
0.45654815,0.52783,0.22614878,0.066669285,0.45888522,0.3578704,0.5812852,0.5711778
0.4579303,0.5292578,0.22577883,0.067678705,0.4625606,0.36192575,0.5812734,0.5675915
0.45844263,0.5297994,0.22535843,0.068053424,0.46259183,0.36247054,0.5756942,0.5578704
0.46015123,0.53160125,0.22377065,0.069313385,0.46193784,0.36412683,0.55594534,0.53441495
0.46185982,0.53636813,0.22319728,0.07079245,0.46868035,0.3706103,0.5984991,0.58618367
0.46356842,0.53874695,0.22363374,0.07219618,0.4699921,0.37315264,0.60643417,0.5932973
0.46527705,0.54115486,0.22291747,0.07360244,0.47183853,0.37607703,0.6042295,0.5892258
0.46698564,0.5435441,0.22176452,0.07513204,0.47313875,0.37818515,0.6070928,0.59013206
0.46869424,0.5459665,0.22103685,0.07655735,0.47549427,0.38179424,0.6121058,0.59576786
0.47040284,0.54808116,0.21929097,0.07798314,0.47611138,0.3835128,0.6148021,0.59609926
0.47211143,0.5490899,0.21905535,0.079413906,0.479,0.38735572,0.6104264,0.59163284
0.47382003,0.5500911,0.21867722,0.08101938,0.48051494,0.389845,0.6156048,0.5944147
0.47552863,0.5510953,0.2172867,0.08246714,0.48191413,0.39273566,0.60776764,0.58284605
0.47723722,0.5520936,0.2151035,0.08391812,0.4840303,0.3953024,0.6028021,0.5746811
0.47894585,0.55376804,0.21489714,0.08536927,0.48599282,0.3975293,0.5891932,0.55607444
0.48065445,0.55625176,0.21491347,0.08706832,0.4867364,0.39969087,0.5650561,0.52580166
0.48236305,0.55764186,0.21344684,0.088616714,0.4864832,0.40104622,0.54022336,0.49773255
0.48407164,0.55900896,0.21168038,0.09016167,0.48464626,0.4025,0.5132736,0.46637207
0.48578024,0.5603574,0.21022469,0.091715895,0.4817922,0.3989329,0.4475401,0.39390934
0.48748884,0.56175834,0.21002263,0.09352855,0.4933832,0.4101998,0.5407635,0.49557975
0.48919743,0.5631266,0.20969489,0.09505785,0.49658084,0.41408402,0.6207289,0.5848341
0.49090606,0.56438947,0.20937249,0.096307494,0.49644467,0.4149856,0.6276121,0.59242046
0.49261466,0.5655485,0.20857793,0.09755671,0.50049764,0.41895127,0.6289507,0.5933386
0.49432325,0.5666983,0.20722838,0.0990961,0.49998078,0.42012724,0.61820495,0.58413225
0.49603185,0.5678379,0.20615987,0.1003539,0.50283533,0.4228592,0.6291567,0.5931647
0.49774045,0.56924325,0.20570338,0.101612926,0.5029733,0.42461377,0.62838,0.5913778
0.49944904,0.5712955,0.2038624,0.10287058,0.50452256,0.42682257,0.62096965,0.58333576
0.50115764,0.57229424,0.2031608,0.10448627,0.5066364,0.42990464,0.6196564,0.5777318
0.50286627,0.5731598,0.2010759,0.105844185,0.50618285,0.43086573,0.60647196,0.5588725
0.50457484,0.57407963,0.19953054,0.107196465,0.5088311,0.4342185,0.5940783,0.54196566
0.50628346,0.57656926,0.1996303,0.1085506,0.5079496,0.43454564,0.57184947,0.51684463
0.507992,0.57744884,0.19967858,0.110222094,0.50702006,0.43471205,0.5458756,0.48660156
0.50970066,0.57868713,0.19950303,0.1115838,0.5072279,0.43592656,0.5147782,0.4541741
0.5114093,0.5800916,0.19961922,0.112944275,0.51164633,0.44049403,0.536297,0.4769341
0.51311785,0.58143705,0.1999962,0.11430625,0.51379466,0.44355357,0.60230833,0.5491002
0.5148265,0.582765,0.19942832,0.11603058,0.5171338,0.4469669,0.63667285,0.58411914
0.51653504,0.5839945,0.19923756,0.11739668,0.5155389,0.4467701,0.63928723,0.5853707
0.5182437,0.5852218,0.1987386,0.118764296,0.5200497,0.45139793,0.62739706,0.57048124
0.51995224,0.58644605,0.1986375,0.1201315,0.51906127,0.4529448,0.59404296,0.5365384
0.52166086,0.58752835,0.19743434,0.12214533,0.51962173,0.45385218,0.5817348,0.52195877
0.52336943,0.5885557,0.19659793,0.123811126,0.5211153,0.45596942,0.5856293,0.52617645
0.52507806,0.58961254,0.19459344,0.12546885,0.5198391,0.4561086,0.59909284,0.5435405
0.5267867,0.5906781,0.19371998,0.12747572,0.52334005,0.4592467,0.6282394,0.5697129
0.52849525,0.5935942,0.19309546,0.12914115,0.5249143,0.46210957,0.617195,0.5607332
0.5302039,0.5946911,0.19141702,0.13080989,0.52442116,0.46331924,0.61004984,0.5503008
0.53191245,0.5958003,0.19121937,0.13285844,0.52439356,0.46475926,0.58214444,0.5176509
0.5336211,0.596909,0.19005495,0.1345302,0.5273737,0.46821055,0.5418894,0.47576842
0.5353297,0.5979916,0.18983892,0.13620277,0.52606755,0.46816486,0.509979,0.4397817
0.53703827,0.5990262,0.18852852,0.13826838,0.52321696,0.46661693,0.45373115,0.38057384
0.5387469,0.60004437,0.18839888,0.1399495,0.52160704,0.46645394,0.40570968,0.33360344
0.54045546,0.60073626,0.18660147,0.1416817,0.5157089,0.46271983,0.35998124,0.2921476
0.5421641,0.6016809,0.18579306,0.1439609,0.50594366,0.45375645,0.30226678,0.24488726
0.54387265,0.6026036,0.18598533,0.14585131,0.50941736,0.45746714,0.30218422,0.24380758
0.5455813,0.6035973,0.18592614,0.14774303,0.52403456,0.47449714,0.39832357,0.32543114
0.54728985,0.60450464,0.1840114,0.15004133,0.5330102,0.48477757,0.5204456,0.45259053
0.5489985,0.60643697,0.18358694,0.15193844,0.53460675,0.48815113,0.6012126,0.5359638
0.5507071,0.60772336,0.18351758,0.15383077,0.5257304,0.48682326,0.6192768,0.5544768
0.55241567,0.6085474,0.18291411,0.15619391,0.52726865,0.48958826,0.6143706,0.5494843
0.5541243,0.60934365,0.18147582,0.15809491,0.5337175,0.49262428,0.5963464,0.52902895
0.55583286,0.61012423,0.18062209,0.15999365,0.5383657,0.4961493,0.58083564,0.51162803
0.5575415,0.6108847,0.17943294,0.16198766,0.54189515,0.4993537,0.583722,0.51379275
0.55925006,0.6116311,0.17822626,0.1642908,0.54666257,0.5045375,0.5970746,0.5256623
0.5609587,0.6123784,0.17726097,0.16630644,0.5469463,0.50584465,0.5961753,0.52541333
0.56266725,0.61313283,0.17602588,0.16841431,0.5481668,0.50813407,0.59546673,0.52143174
0.5643759,0.61389256,0.17485818,0.17100053,0.5483853,0.50970346,0.58237743,0.5062136
0.5660845,0.614555,0.17381024,0.17311549,0.54645926,0.5098015,0.55553466,0.47456563
0.56671786,0.6147052,0.17316526,0.17389518,0.5478,0.51153845,0.54017365,0.45881203
0.56883,0.6149778,0.16868027,0.1770122,0.5432375,0.5112225,0.50610256,0.4221401
0.57094216,0.61681104,0.16927607,0.17962983,0.54449093,0.51183313,0.47614935,0.39088073
0.57305425,0.6170662,0.16924241,0.18225142,0.54185504,0.5118093,0.43856075,0.35265225
0.5751664,0.6177479,0.1694816,0.18541832,0.53919244,0.50958407,0.39165455,0.30722094
0.57727855,0.6188823,0.17029041,0.18808277,0.5411018,0.51357853,0.3953107,0.3109714
0.5793907,0.6195001,0.17103,0.19132364,0.546,0.520629,0.44068792,0.35559258
0.58150285,0.6199101,0.17131834,0.19450857,0.54872715,0.52608144,0.51741284,0.4342643
0.58361495,0.6204082,0.17135523,0.19724442,0.54872245,0.5290299,0.56552833,0.48394328
0.5857271,0.6204215,0.1712007,0.19998413,0.5484141,0.5316224,0.59000367,0.5096083
0.58783925,0.6175582,0.16656785,0.20352186,0.5451411,0.5338365,0.58800095,0.5068822
0.5899514,0.6157019,0.16142505,0.20625538,0.5484149,0.5388689,0.5592748,0.475083
0.59206355,0.6174201,0.1619309,0.20898755,0.54522055,0.5383458,0.50258887,0.4138524
0.5941757,0.6180055,0.16220148,0.21176647,0.54326534,0.5360486,0.44259188,0.35174048
0.5962878,0.61890936,0.16470414,0.215422,0.5425597,0.5341842,0.40501234,0.31508788
0.59839994,0.62010604,0.16593248,0.2181705,0.5433998,0.5370001,0.4170996,0.3272996
0.6005121,0.62134075,0.16681528,0.22087955,0.5465082,0.54328793,0.45026505,0.3605409
0.60262424,0.62266064,0.16515732,0.22573358,0.54495305,0.54466367,0.49489993,0.4074408
0.6047364,0.6233593,0.16532587,0.23025556,0.5475388,0.54822505,0.5005471,0.4124266
0.6068485,0.62417465,0.16560635,0.23221423,0.54233927,0.54426366,0.4396612,0.34891874
0.6089606,0.62455463,0.166005,0.23416696,0.5422008,0.5411221,0.37403455,0.28503615
0.6110728,0.6247727,0.16674903,0.2355724,0.53970903,0.5383316,0.33733058,0.25059897
0.6131849,0.62489384,0.16781075,0.23628113,0.5186298,0.51261646,0.23862131,0.1754538
0.6152971,0.6249787,0.16861306,0.23782922,0.4953717,0.48831156,0.18501735,0.14346012
0.6174092,0.6250433,0.16912317,0.23937297,0.47125864,0.46344936,0.15555103,0.12765709
0.6195213,0.6250969,0.17017613,0.24091327,0.44886568,0.43170175,0.12818035,0.11208035
0.62163347,0.625068,0.1709175,0.24189153,0.46931082,0.4609115,0.14802754,0.12150976
0.6237456,0.6249534,0.17121218,0.24270831,0.50685674,0.5127305,0.21851717,0.16117796
0.6258578,0.62449265,0.17084476,0.24352272,0.5296225,0.545418,0.3224476,0.23717858
0.6279699,0.62394506,0.16372113,0.24465765,0.5366829,0.5572917,0.40810835,0.31676856
0.630082,0.62456435,0.166362,0.24545076,0.545095,0.56623316,0.46702507,0.3797481
0.63219416,0.6243706,0.16965595,0.24622741,0.547328,0.5698515,0.49066907,0.40743682
0.6343063,0.6248535,0.17109838,0.24700509,0.54726756,0.56889564,0.48746666,0.40669817
0.63641846,0.6250987,0.17193037,0.24777792,0.54403865,0.56791264,0.4690151,0.38766426
0.6385306,0.62538666,0.17278294,0.24854659,0.54412854,0.57053673,0.45045325,0.36089206
0.64064276,0.6255842,0.17352612,0.24945158,0.5409641,0.5679793,0.4217092,0.3290878
0.64275485,0.625646,0.17364697,0.25066835,0.5287579,0.56201786,0.39032596,0.29816788
0.644867,0.6245771,0.17290226,0.2518812,0.50253403,0.55616903,0.40491876,0.3120335
0.64697915,0.6218369,0.16815908,0.25308335,0.51267666,0.5634363,0.40458637,0.30891037
0.6490913,0.6233959,0.16802466,0.2553456,0.5159641,0.560661,0.37208614,0.27683276
0.6512034,0.6240659,0.17011546,0.25668928,0.52412045,0.5650094,0.35771534,0.26331192
0.65331554,0.6249223,0.17287067,0.25809592,0.5334556,0.5695444,0.34666064,0.2523917
0.6554277,0.62401074,0.17157744,0.2593024,0.5325032,0.5652338,0.30800146,0.21913992
0.65753984,0.62404406,0.1736455,0.26054466,0.52947813,0.559964,0.28430447,0.1993954
0.659652,0.6254607,0.17562866,0.26209822,0.5273639,0.55786496,0.26669207,0.18439603
0.66176414,0.62620753,0.17516913,0.2633028,0.5269486,0.5542462,0.2530659,0.17457633
0.66387624,0.626684,0.17532259,0.26450306,0.5241286,0.5487642,0.23399514,0.16094755
0.6659884,0.6270638,0.17581104,0.26570198,0.5208348,0.5425191,0.21053523,0.14535102
0.66810054,0.6274041,0.17626122,0.26689574,0.5204302,0.5446777,0.20967937,0.14442852
0.6702127,0.6276424,0.17675412,0.2685075,0.52770144,0.5552736,0.23814721,0.16292432
0.67232484,0.62779,0.17744502,0.2693646,0.53718,0.5724055,0.29046434,0.20183405
0.6744369,0.6279072,0.17784968,0.27003938,0.54256606,0.5847676,0.3458227,0.24960272
0.6765491,0.6279819,0.1782731,0.2704629,0.54847825,0.5955845,0.4050307,0.3066425
0.6786612,0.62800956,0.17835434,0.27088094,0.5475898,0.59537756,0.4151405,0.31658337
0.6807734,0.6280042,0.17863715,0.27129567,0.5422867,0.5853133,0.3360993,0.23933274
0.6828855,0.6279716,0.179396,0.27170938,0.53349245,0.57385665,0.28012833,0.19174218
0.6849977,0.6279548,0.17918341,0.27211976,0.5368953,0.5808482,0.30058247,0.2091377
0.68710977,0.62783027,0.14066204,0.27232346,0.53219223,0.58560133,0.32492155,0.2268947
0.6892219,0.62734663,0.1470505,0.27281007,0.54096586,0.59277135,0.3405005,0.24241023
0.69133407,0.6242863,0.15983234,0.2733321,0.53853077,0.59130543,0.35423785,0.25743732
0.6934462,0.61927015,0.1649012,0.27372366,0.52908444,0.58669204,0.34802228,0.25122228
0.6955583,0.62140954,0.1693475,0.2740696,0.52455026,0.5810693,0.2968537,0.20448689
0.69767046,0.6248255,0.1777867,0.2746918,0.51725453,0.56428236,0.22853003,0.15265335
0.6997826,0.6220737,0.17175508,0.27507848,0.4964627,0.53769964,0.1702383,0.11664955
0.7005655,0.6217918,0.17261997,0.27521157,0.48789993,0.5282482,0.15487914,0.10863095
0.7031765,0.62170184,0.1770209,0.2756921,0.48450667,0.5164127,0.13530675,0.09760631
0.7057875,0.62181324,0.18035787,0.27615672,0.49274358,0.54036206,0.16963668,0.11560894
0.70839846,0.6223676,0.1846479,0.27662483,0.5041927,0.5564885,0.20466961,0.13598001
0.71100944,0.62219703,0.18712816,0.2770849,0.51316655,0.57039493,0.24301308,0.161804
0.7136204,0.62059754,0.18857193,0.2775406,0.516749,0.5744368,0.2489031,0.1655439
0.7162314,0.6119151,0.1752055,0.27799425,0.48257476,0.5272932,0.15388508,0.10666408
0.7188424,0.60609025,0.15173624,0.27791217,0.4101674,0.4252144,0.07318207,0.06695163
0.72145337,0.6129417,0.17061208,0.27888417,0.35197246,0.3644191,0.05983985,0.05949323
0.7240644,0.6089322,0.16533737,0.27932033,0.28855452,0.30974618,0.054258518,0.05477462
0.7266754,0.6095281,0.16133389,0.27945092,0.22974297,0.22872634,0.044862293,0.044655763
0.7292864,0.6096415,0.16910976,0.2800603,0.25880697,0.2657854,0.04800797,0.048572753
0.73189735,0.61080515,0.1791876,0.28068823,0.33309615,0.35222444,0.055220403,0.055497374
0.73450834,0.61420494,0.19445126,0.28111735,0.3933518,0.42422274,0.06903953,0.063433304
0.7371193,0.6154884,0.19776306,0.28143737,0.4494669,0.4852907,0.09495112,0.07423607
0.7397303,0.6174485,0.2054339,0.28182855,0.4943985,0.54901063,0.16756068,0.1102364
0.7423413,0.61945444,0.21169941,0.2821789,0.5134615,0.5821304,0.256495,0.17118847
0.74495226,0.62086535,0.21524012,0.28252462,0.5231806,0.5954619,0.30996192,0.21611416
0.74756324,0.621519,0.21702823,0.28286782,0.5236195,0.5950896,0.30993226,0.21784839
0.7501742,0.6222053,0.21796712,0.2832073,0.5206595,0.5904271,0.30258545,0.21062282
0.7527852,0.6224842,0.21878102,0.283349,0.51628524,0.59070736,0.30765232,0.21532278
0.7553962,0.62247074,0.21901534,0.28344983,0.5101586,0.5882586,0.30953065,0.21772872
0.75800717,0.6223587,0.21515326,0.28355002,0.49380866,0.5761642,0.27140686,0.18330866
0.76061815,0.6222636,0.07272551,0.2819677,0.48155448,0.55571866,0.21801983,0.14354652
0.76322913,0.6221554,0.08147599,0.28347436,0.47259796,0.55523753,0.18162413,0.11589384
0.7658402,0.6220287,0.14238535,0.28346026,0.46810192,0.54620117,0.1660613,0.10602079
0.7684511,0.6218899,0.20359205,0.28339574,0.47150218,0.55239123,0.17038909,0.10914235
0.77106214,0.6216965,0.2188748,0.28330228,0.47652024,0.54986894,0.15564469,0.100410216
0.7736731,0.6214564,0.22171716,0.28320807,0.46332058,0.5253303,0.113585174,0.07849258
0.7762841,0.62117547,0.22252965,0.28309664,0.45855924,0.5219665,0.10789836,0.07559265
0.7788951,0.62054735,0.22259486,0.2829824,0.44253695,0.5026639,0.08733934,0.06586229
0.78150606,0.6095508,0.22267334,0.2828694,0.39767122,0.4421583,0.0556409,0.05154089
0.78411704,0.5965494,0.22176936,0.2826111,0.349297,0.41175687,0.050341077,0.048414424
0.786728,0.6043595,0.21757849,0.28263912,0.33915022,0.44755012,0.058474034,0.05284602
0.789339,0.59556705,0.21167116,0.2822346,0.355839,0.47080424,0.0667,0.055960994
0.79195,0.60453075,0.2116188,0.28237733,0.33783773,0.45269987,0.05708745,0.050887473
0.79456097,0.60572916,0.2162939,0.28231615,0.35591117,0.4247209,0.045914695,0.044217106
0.79717195,0.60808,0.21064204,0.282126,0.3495265,0.3985123,0.042635098,0.043207034
0.79978293,0.6108264,0.21199939,0.28192195,0.37242383,0.41248423,0.046857327,0.04651159
0.8023939,0.61111194,0.20863363,0.28170446,0.39605114,0.43668017,0.051578782,0.048487864
0.8050049,0.61274886,0.21385232,0.281515,0.41958076,0.46929055,0.060831822,0.052214682
0.8076159,0.61320186,0.21650106,0.28131562,0.4409952,0.49923173,0.07585554,0.058307935
0.8102269,0.6101822,0.20882446,0.2811117,0.4445673,0.5079433,0.08105093,0.060283642
0.81283784,0.6065397,0.19139026,0.2809046,0.45309055,0.5304662,0.1017852,0.070766255
0.8154489,0.60386205,0.17178966,0.2806149,0.46015307,0.5402508,0.11686187,0.08190192
0.81805986,0.60554063,0.1702137,0.2801082,0.4723332,0.54965293,0.15102153,0.10643248
0.82067084,0.6085801,0.18970595,0.28031868,0.48332605,0.5673207,0.18576685,0.131496
0.8232818,0.6033984,0.17815067,0.2797345,0.48571616,0.56985015,0.19836107,0.14466569
0.8258928,0.6087354,0.19609596,0.2795102,0.4950485,0.5748392,0.18174334,0.13233611
0.8285038,0.60671854,0.18795086,0.27950132,0.49660757,0.5764405,0.20693131,0.15289024
0.83111477,0.60707825,0.19185705,0.2794651,0.49692953,0.5846312,0.2582642,0.19186252
0.83372575,0.6075561,0.19844557,0.27920616,0.4902706,0.5727623,0.20427977,0.13508034
0.83633673,0.6085847,0.20692208,0.27899107,0.44618022,0.5101082,0.086582236,0.061296176
0.8389477,0.61060625,0.21248955,0.27875793,0.3922497,0.43542194,0.044638578,0.041658506
0.8415587,0.611689,0.216133,0.27853325,0.37041524,0.4065393,0.03682015,0.03823425
0.8441697,0.6131869,0.219872,0.27830178,0.4191849,0.46170318,0.05054247,0.044248506
0.84678066,0.614058,0.22185946,0.27807462,0.44946134,0.5190983,0.08161448,0.057614505
0.84939164,0.614602,0.2214723,0.27784303,0.4581041,0.5298959,0.09400604,0.06362279
0.8520026,0.61480415,0.22079198,0.27761927,0.4402328,0.5042427,0.073063776,0.054382216
0.85461366,0.61499125,0.221934,0.2773962,0.38794968,0.43767682,0.044041697,0.04191683
0.8572246,0.6150952,0.22265147,0.27717233,0.31024796,0.3548067,0.03190787,0.035226293
0.8598356,0.61512005,0.22339372,0.27715287,0.25434744,0.29279134,0.02734656,0.031105462
0.8624466,0.6149865,0.22363092,0.277128,0.17467041,0.20025456,0.023376688,0.02677669
0.8650576,0.6144603,0.22383708,0.27710393,0.18716818,0.21199478,0.022371197,0.025506804
0.8660254,0.6138715,0.22382,0.277095,0.21022855,0.22657798,0.023007957,0.026382556
0.86925304,0.5829938,0.22379713,0.272564,0.27675816,0.31955922,0.026926532,0.031039797
0.8724807,0.59248465,0.22385886,0.27671108,0.33578432,0.39145198,0.03282197,0.035360537
0.87570834,0.59792435,0.22373849,0.27699867,0.34246847,0.40048084,0.034574892,0.036283262
0.878936,0.6010338,0.22324961,0.276975,0.28039664,0.35516632,0.02939601,0.033198006
0.88216364,0.60424024,0.22189586,0.27693605,0.05070032,0.085228086,0.018731844,0.020845504
0.8853913,0.6070195,0.22095367,0.27691376,0.06509156,0.08870007,0.015395636,0.01619564
0.88861895,0.60830617,0.22005467,0.27688658,0.039097525,0.057144884,0.015654732,0.016728392
0.8918466,0.6066003,0.21304101,0.2768514,0.048953556,0.06809877,0.016123297,0.017469881
0.89507425,0.60236186,0.18604553,0.27691045,0.04314843,0.05633705,0.01573711,0.01683143
0.89830184,0.60083884,0.160994,0.27645624,0.076492496,0.095807895,0.015722701,0.017398158
0.90152955,0.6017671,0.16351119,0.27698183,0.11850952,0.15415227,0.018294334,0.021359114
0.90475714,0.60583436,0.18316212,0.27748054,0.20906135,0.26323277,0.021689305,0.02610003
0.9079848,0.6009833,0.16269596,0.2776534,0.320581,0.38392287,0.029046834,0.031673424
0.91121244,0.60027283,0.16104375,0.27780306,0.34969068,0.41153792,0.032053243,0.032968827
0.9144401,0.60112834,0.15489958,0.27800778,0.37952948,0.42229122,0.03217022,0.03212006
0.91766775,0.6012895,0.15879008,0.27759203,0.3987568,0.45882872,0.044978898,0.037287854
0.9208954,0.59562373,0.18413198,0.2783241,0.41720852,0.49402922,0.063543804,0.044414602
0.92412305,0.5950557,0.17792048,0.27848625,0.41269273,0.5201381,0.09636101,0.05823823
0.9273507,0.59860504,0.15945934,0.27874336,0.42003486,0.5332712,0.12971853,0.075815775
0.93057835,0.59304446,0.11427016,0.27864912,0.41830832,0.53950256,0.173402,0.103565656
0.933806,0.5883231,0.08473902,0.27784008,0.42745447,0.538882,0.2171046,0.13742606
0.93703365,0.5914612,0.087867565,0.27818185,0.4362557,0.5456079,0.2633056,0.17607991
0.9402613,0.59691465,0.1061347,0.27820545,0.46266904,0.5531551,0.25458315,0.16785909
0.94348896,0.5926714,0.09967977,0.279467,0.46555558,0.5325927,0.1583699,0.09449865
0.9467166,0.59431916,0.09859311,0.27946392,0.45254347,0.51417214,0.09932678,0.059655093
0.94994426,0.5939923,0.103770144,0.27892712,0.4582713,0.52112776,0.10581025,0.061103895
0.9531719,0.59535813,0.10978092,0.27922368,0.43885413,0.5073772,0.08742633,0.052901767
0.95639956,0.59561837,0.11474577,0.28018063,0.42840827,0.4910794,0.06560586,0.044302303
0.9596272,0.5965364,0.12265487,0.28001764,0.37817225,0.43361545,0.04293005,0.03461163
0.96285486,0.597338,0.12995271,0.28001362,0.28330317,0.30524912,0.020725768,0.025121747
0.96608245,0.5983147,0.14130381,0.280749,0.21891776,0.2094326,0.015279388,0.019976337
0.96931016,0.59984165,0.1731623,0.28112036,0.18630001,0.19014485,0.014555076,0.019355075
0.97253776,0.6002663,0.16855936,0.2810207,0.19950639,0.20138705,0.014331124,0.019465562
0.9757654,0.5998469,0.16227129,0.28139564,0.19897121,0.21425252,0.016224055,0.021448117
0.97899306,0.60052794,0.17417964,0.28172085,0.17224002,0.21795382,0.016906932,0.022306936
0.9822207,0.60158867,0.1869885,0.28196174,0.12347788,0.14007738,0.01380337,0.017937832
0.98544836,0.6025368,0.1988962,0.28215268,0.11239397,0.12087626,0.01147581,0.0150000015
0.988676,0.6035381,0.206518,0.2823523,0.05379682,0.051116407,0.01017604,0.012414062
0.99190366,0.6044816,0.20914151,0.28254163,0.08362249,0.08165396,0.010627741,0.015179579
0.9951313,0.6053549,0.21277551,0.28311852,0.08302852,0.097466715,0.012182809,0.015634341
0.99835896,0.6059503,0.21398412,0.28331038,0.09852886,0.13633904,0.011589734,0.01615134
1.0015867,0.6062756,0.21233174,0.28349906,0.09432187,0.12189431,0.010838963,0.015644234
1.0048143,0.60678047,0.21365993,0.28368965,0.082039334,0.101550944,0.009588737,0.014229942
1.0080419,0.60696715,0.21260838,0.28387263,0.07178953,0.06860573,0.008097983,0.0113544455
1.0112696,0.60716915,0.21326122,0.28408015,0.06758307,0.06630708,0.00803879,0.011356715
1.0144972,0.6072869,0.21512458,0.28426898,0.07530539,0.07740935,0.008376418,0.01239016
1.0177249,0.6072452,0.21556087,0.2844669,0.09726709,0.12059373,0.009525399,0.014424122
1.0209525,0.6071395,0.21555606,0.28465834,0.10594118,0.16606273,0.010318872,0.01568909
1.0241802,0.60679823,0.2154969,0.28484693,0.11500088,0.18213879,0.009926752,0.015042036
1.0274078,0.6059966,0.21661313,0.28503367,0.11309854,0.19592732,0.00976076,0.014992306
1.0306355,0.6044247,0.21781151,0.28522554,0.14099103,0.2415519,0.011207191,0.016557977
1.0338631,0.6016292,0.2185293,0.28541118,0.13346846,0.275289,0.012102089,0.017693523
1.0370908,0.54359114,0.21889327,0.2793274,0.17189892,0.3070014,0.013814162,0.018737536
1.0403184,0.5574802,0.21901672,0.28342685,0.20829804,0.34611306,0.018363496,0.02212381
1.0435461,0.58635104,0.21921496,0.28583953,0.22679734,0.37675065,0.025297318,0.02670981
1.0467737,0.59396476,0.21923493,0.2861341,0.25219157,0.39818284,0.030827245,0.030175826
1.0500014,0.5188375,0.21916164,0.27856925,0.28964737,0.40367,0.044467673,0.037777085
1.053229,0.53753144,0.21931307,0.2840355,0.29821923,0.41511413,0.054407682,0.04369828
1.0564567,0.56936276,0.21943697,0.28648913,0.30775607,0.41154346,0.054188717,0.04382129
1.0596843,0.5869422,0.21935457,0.2868281,0.3066637,0.4198123,0.06266948,0.050437924
1.062912,0.56338656,0.21874015,0.2868379,0.31332412,0.41878453,0.07384053,0.057750534
1.0661396,0.5670662,0.21804528,0.28532195,0.30893967,0.41879624,0.082783006,0.06357676
1.0693672,0.58397096,0.21687584,0.2871807,0.30909786,0.41384044,0.09592818,0.073124126
1.0705637,0.58608073,0.21626122,0.28739876,0.31202778,0.4190361,0.08638429,0.06718953
1.0745536,0.58679,0.21455276,0.28759465,0.28086066,0.41514677,0.097707085,0.07664331
1.0785435,0.5931603,0.21163465,0.2878057,0.27588436,0.40161908,0.079712145,0.062385924
1.0825336,0.5965956,0.20848592,0.28797278,0.27958384,0.40691218,0.08480999,0.067799166
1.0865235,0.5977209,0.20327644,0.28807878,0.26973745,0.39701223,0.0715339,0.05658228
1.0905135,0.59807056,0.20122474,0.28815275,0.25968176,0.37390912,0.045185223,0.03682794
1.0945034,0.5985023,0.19430006,0.28833988,0.24500544,0.32743135,0.020273449,0.020887123
1.0984933,0.59842086,0.18012665,0.28846666,0.19165283,0.2630373,0.008595021,0.01219074
1.1024833,0.5975116,0.16548051,0.2885171,0.22170158,0.27709433,0.008454445,0.012071517
1.1064733,0.59658223,0.15592882,0.28854272,0.21881105,0.26735464,0.009059488,0.012545876
1.1104633,0.5954026,0.13957907,0.2886973,0.16266997,0.25561428,0.0077835144,0.011215746
1.1144532,0.59333414,0.10696359,0.28892255,0.0721602,0.11112469,0.0051665227,0.008333328
1.1184431,0.58992183,0.084733084,0.2868745,0.064402506,0.09355501,0.0044517014,0.006920405
1.1224331,0.58601606,0.07629159,0.28325477,0.026670102,0.061529953,0.0031107673,0.005028557
1.126423,0.5880711,0.07536588,0.28725827,0.011033996,0.011558535,0.0026789587,0.004367891
1.130413,0.59087676,0.08240174,0.28877082,0.010598404,0.0068402914,0.0015010086,0.0035194792
1.134403,0.5847292,0.08138282,0.2870864,0.012508943,0.007816507,0.0030119952,0.003599585
1.1383929,0.59259725,0.09430931,0.28738427,0.018504674,0.015205166,0.002567779,0.0040849363
1.1423829,0.5922294,0.09597487,0.28886923,0.020261569,0.032823022,0.0023207078,0.0046663308
1.1463728,0.588958,0.08646089,0.28940883,0.020784248,0.03507507,0.0019996415,0.0045786374
1.1503627,0.590873,0.09302819,0.28986615,0.011476417,0.013515549,0.0017515165,0.003300313
1.1543528,0.5918466,0.10316248,0.28939015,0.0045382553,0.0014485746,0.0015007444,0.0017937337
1.1583427,0.5933006,0.12009368,0.29018012,0.00592028,0.0027439236,0.0015694159,0.0020641247
1.1623327,0.5943914,0.13869071,0.29013893,0.0034331216,0.00052341545,0.0014535759,0.0010158245
1.1663226,0.5948239,0.1532432,0.29051226,0.004058498,0.0013237335,0.0015455107,0.0020270466
1.1703125,0.59541816,0.16202404,0.2906196,0.0051425495,0.0030041733,0.0022564195,0.0033700424
1.1743026,0.59548235,0.16363849,0.29049957,0.010050523,0.012690183,0.0023916482,0.004299033
1.1782925,0.5958601,0.16797803,0.29075977,0.013819918,0.019650571,0.0022545005,0.0040726094
1.1822824,0.59572166,0.16349572,0.29065993,0.012404771,0.01828718,0.0016839048,0.0029456064
1.1862724,0.5958527,0.16465719,0.29117888,0.013001904,0.013016746,0.001471209,0.0025686296
1.1902623,0.594682,0.16750497,0.29116815,0.017525634,0.026721071,0.0015786131,0.0029623953
1.1942523,0.5936108,0.17422655,0.29144055,0.018834827,0.02590464,0.0019667512,0.003771059
1.1982423,0.59172726,0.16964708,0.29157132,0.028951505,0.055742383,0.002396744,0.004753786
1.2022322,0.5156084,0.16594066,0.29170385,0.03059227,0.054170225,0.0023658432,0.0048302547
1.2062222,0.36518803,0.17006077,0.2747751,0.046549667,0.1014882,0.0027730388,0.0058079693
1.2102121,0.43514284,0.17470716,0.28413716,0.056056216,0.13639224,0.0032272737,0.0067559616
1.214202,0.5198367,0.17764936,0.29035002,0.07457936,0.17638233,0.0042033154,0.007814782
1.2181921,0.43337438,0.18159176,0.26273853,0.0686428,0.18295734,0.0036488392,0.0072349445
1.222182,0.42859137,0.18451849,0.2835939,0.08201199,0.20763853,0.004065002,0.0076960023
1.226172,0.46778473,0.18790159,0.28867045,0.09371418,0.1954777,0.0035256462,0.00702939
1.2301619,0.504063,0.1930769,0.2869086,0.06643437,0.13676952,0.0023579714,0.0055935862
1.2341518,0.5107816,0.19819856,0.2856644,0.08599965,0.1758867,0.002595632,0.0055267066
1.2381418,0.5381761,0.20056741,0.29047522,0.109869115,0.18352893,0.0025074107,0.0055600423
1.2421317,0.5627186,0.20173714,0.29226306,0.12907803,0.21465376,0.0036044752,0.0067596403
1.2461218,0.5855658,0.20182352,0.29263616,0.14747174,0.21870041,0.004690575,0.00795374
1.2501117,0.5715412,0.20117036,0.29238963,0.17119713,0.25585136,0.010131315,0.011540625
1.2541016,0.5704496,0.19979285,0.291496,0.1596313,0.26765838,0.015257965,0.014936004
1.2580916,0.56859213,0.19487874,0.29252893,0.1400483,0.2694696,0.01422807,0.014111492
1.2620816,0.5608155,0.18317659,0.29282013,0.13299991,0.25946856,0.010784835,0.011832266
1.2660716,0.5589378,0.16596606,0.2911454,0.17141883,0.28259614,0.025627473,0.021075208
1.2700615,0.5868328,0.17008132,0.29291138,0.15904556,0.27697894,0.018649803,0.016555617
1.2740514,0.59209925,0.18703216,0.29295504,0.13367002,0.2768921,0.023967244,0.019390065
1.2780414,0.5921301,0.191446,0.293009,0.14774431,0.28150442,0.03022046,0.022749089
1.2820313,0.58960676,0.19559532,0.2929477,0.16043209,0.27934122,0.02874316,0.021601912
1.2860212,0.55867606,0.19447064,0.29286075,0.13828906,0.27893057,0.029170286,0.021725584
1.2900113,0.5008567,0.19099869,0.2872214,0.110571064,0.27917662,0.028228203,0.021086523
1.2940012,0.51382446,0.18467256,0.2877378,0.09060646,0.27150905,0.024240227,0.0194809
1.2979912,0.54835546,0.17887016,0.29086083,0.09878444,0.26082054,0.019092808,0.016074326
1.3019811,0.58238286,0.1733688,0.292058,0.08206791,0.23967335,0.007979558,0.009847226
1.305971,0.5862134,0.16231851,0.29182622,0.06905747,0.20731214,0.0053177793,0.007934242
1.3099611,0.5702011,0.15242238,0.2914928,0.049898643,0.12203429,0.002636866,0.005326721
1.313951,0.46034113,0.14544016,0.28311858,0.05437369,0.1610762,0.0026294838,0.0053623617
1.317941,0.4566809,0.13796929,0.28432024,0.021532234,0.072281584,0.0018687716,0.0040002363
1.3219309,0.49728993,0.13376324,0.28710252,0.017068055,0.04689423,0.0013679564,0.0028927934
1.3234099,0.52233505,0.13061051,0.28887123,0.024189908,0.06779522,0.0014263189,0.0032766
1.3283422,0.5749126,0.11186223,0.28888875,0.04806342,0.090280846,0.0017636075,0.004287764
1.3332745,0.56409776,0.097111955,0.29012412,0.025560603,0.0729452,0.0016929467,0.0038100628
1.3382069,0.49154007,0.097552136,0.28260794,0.013042113,0.028694164,0.0011937416,0.0029190362
1.3431392,0.50190276,0.081928656,0.28539103,0.0053915153,0.009532623,0.001219436,0.002841005
1.3480715,0.5326854,0.059634335,0.28605613,0.0062313913,0.008380335,0.00094569335,0.0022814192
1.3530037,0.53989613,0.04762891,0.28545126,0.005692404,0.0039077476,0.0004744084,0.0020407427
1.357936,0.5371368,0.03931554,0.28254023,0.006289454,0.0005030236,0.00031952094,0.0014114052
1.3628683,0.52196705,0.036545254,0.28011128,0.014168512,0.0015859508,0.0,0.0028914113
1.3678007,0.5204843,0.036443967,0.27494448,0.021364953,9.653473e-06,0.00033950558,0.0013597095
1.372733,0.5289177,0.03900963,0.2847233,0.009085089,0.00487368,0.002132186,0.0029314174
1.3776653,0.5359064,0.039263178,0.2868436,0.004239322,0.0014588772,0.0009287232,0.0018676319
1.3825976,0.52265424,0.03675893,0.2534691,0.017055312,9.8563396e-05,0.0,0.0013495988
1.3875299,0.54240066,0.039229218,0.28532854,0.0063272007,0.0005724831,0.0012713219,0.0014395114
1.3924623,0.5441513,0.038964942,0.26898652,0.013164413,1.3408699e-05,0.002497078,0.001649242
1.3973945,0.5423653,0.03851796,0.28000718,0.0039162193,0.0006711614,6.928186e-05,0.00081555825
1.4023268,0.5467081,0.040093258,0.2834183,0.0034219483,0.00020179023,0.0007993857,0.0013088273
1.4072591,0.5479919,0.04021088,0.26876062,0.0062670456,0.00013643116,0.0,0.0019087597
1.4121914,0.5558532,0.039949402,0.27799273,0.0030232961,0.0018170488,0.00039367334,0.0013826734
1.4171237,0.55777466,0.03909194,0.28131017,0.004896433,0.00976192,0.0005531158,0.0021730056
1.4220561,0.55480695,0.03840668,0.2813075,0.0063675633,0.012273116,0.00080687297,0.0025332854
1.4269884,0.5118478,0.03721336,0.27967072,0.0113467695,0.026410108,0.0008566504,0.0030917935
1.4319206,0.21331191,0.032964677,0.19250485,0.015046994,0.02795786,0.0012088404,0.0028126433
1.4368529,0.1700826,0.028776353,0.23523146,0.017516827,0.037908044,0.00094527146,0.0027983729
1.4417852,0.21056531,0.028304592,0.2290032,0.01925103,0.02897153,0.000915947,0.0027708872
1.4467175,0.29945365,0.028728746,0.25701198,0.019003257,0.039767735,0.00089782564,0.0027740381
1.4516499,0.39992034,0.032427263,0.27009922,0.015619218,0.031387992,0.0008017635,0.002554978
1.4565822,0.47862235,0.03636779,0.27543053,0.024195587,0.051015053,0.0009526219,0.002986977
1.4615145,0.5275621,0.03621391,0.2747551,0.03262396,0.06977722,0.0011514474,0.0033772797
1.4664468,0.544157,0.029019991,0.2728747,0.030416723,0.07226427,0.0011410681,0.0032909599
1.471379,0.45721507,0.02718653,0.25408667,0.016627776,0.046670407,0.0009589627,0.0031034034
1.4763114,0.44061178,0.028985199,0.267636,0.029448353,0.084932014,0.0010092527,0.0033543438
1.4812437,0.45538354,0.03178813,0.26829505,0.024145152,0.08523215,0.0010304435,0.0034021318
1.486176,0.49328083,0.040878545,0.26964238,0.026747717,0.10752869,0.0012293534,0.0035719536
1.4911083,0.49567783,0.049498446,0.27153525,0.030633762,0.13239752,0.0018435383,0.004047418
1.4960406,0.4549065,0.06646743,0.26729414,0.02480563,0.13342954,0.0016330824,0.0038798745
1.500973,0.50203073,0.07408391,0.26868004,0.024113236,0.14856057,0.0021445148,0.004241475
1.5059053,0.55159307,0.0826464,0.27003294,0.030968027,0.12827174,0.0014622769,0.0037459966
1.5108376,0.5581131,0.09124055,0.26953393,0.03026275,0.15992957,0.0035530233,0.0052907662
1.5157698,0.5548216,0.09547316,0.26946053,0.02549102,0.16223535,0.004478415,0.005904626
1.5207021,0.5269579,0.101976395,0.269325,0.028488128,0.16275147,0.0057944,0.006465606
1.5256344,0.442643,0.10768049,0.26123926,0.031134909,0.1666018,0.0066172928,0.0070604673
1.5305667,0.37421766,0.1098509,0.2563201,0.036294337,0.1660859,0.008432062,0.008015282
1.5354991,0.34688973,0.11383736,0.25548172,0.04024355,0.17039907,0.011212374,0.009612755
1.5404314,0.37791207,0.11662138,0.25943062,0.0454802,0.16661114,0.008642235,0.008086695
1.5453637,0.45288,0.12062132,0.26534495,0.054644484,0.16485853,0.0072339396,0.00720612
1.550296,0.51947504,0.1239166,0.268885,0.059486784,0.17596507,0.013412287,0.010892235
1.5552282,0.53361535,0.12578188,0.2688603,0.07583184,0.1664433,0.005028056,0.00573429
1.5601606,0.5192976,0.12667137,0.2678021,0.06846792,0.16420251,0.0070394026,0.007160594
1.5650929,0.45566747,0.12397406,0.26723588,0.075001456,0.16248755,0.006554709,0.0066429763
1.5700252,0.23433544,0.11877513,0.23313601,0.08263998,0.16014294,0.008047093,0.0077627474
1.5749575,0.20465945,0.11452402,0.2417635,0.075527295,0.1682168,0.0138906725,0.011059727
1.5798898,0.24237324,0.12112324,0.24474484,0.07284844,0.17205673,0.01389626,0.011050949
1.5848222,0.37029228,0.12792163,0.26165387,0.08444982,0.17555997,0.014703334,0.011466071
1.5897545,0.4630466,0.13347977,0.26621512,0.08678014,0.16451408,0.012831705,0.010192368
1.5946867,0.42718637,0.13195515,0.26402667,0.10108089,0.17001463,0.011985278,0.009530956
1.599619,0.2579751,0.12611988,0.2419081,0.096564695,0.17182487,0.011177823,0.008970625
1.6045513,0.20903076,0.12130269,0.2372957,0.09498548,0.162214,0.008327309,0.0072970996
1.6094837,0.21977948,0.1257475,0.23929258,0.086739846,0.15273869,0.0045646396,0.005186395
1.6144159,0.28704798,0.13152528,0.25545558,0.05857161,0.13875602,0.0022749077,0.003913173
1.6193483,0.36912304,0.1382969,0.2597734,0.04725423,0.108509526,0.0012798749,0.0031497364
1.6242806,0.41902217,0.14019486,0.26697445,0.017407108,0.04989,0.0006725261,0.0024399615
1.6292129,0.41770855,0.13942155,0.25691453,0.011352496,0.029855609,0.00041783412,0.002062416
1.6341451,0.42100918,0.1377433,0.25877923,0.0046585137,0.011367268,0.00034116776,0.001550183
1.6359735,0.40374112,0.13729309,0.2551389,0.0042579845,0.016094944,0.0003365439,0.0014414073
1.6420707,0.35016245,0.13581777,0.25368065,0.010032582,0.037371874,0.00042142379,0.0018661468
1.6481678,0.37335148,0.13622811,0.2592999,0.0011402143,0.0012997818,0.00020234339,0.0005800236
1.6542652,0.4078583,0.1389706,0.26499006,0.0016322578,0.0007603925,0.00023125728,0.0006964215
1.6603624,0.43853024,0.13830072,0.2686015,0.008165574,0.00801295,0.00023275582,0.0013480787
1.6664596,0.44973776,0.13980764,0.26470315,0.0013308082,0.00056546915,0.00051233545,0.0008407862
1.6725568,0.48179266,0.1404103,0.2685584,0.0040286845,0.010441184,0.00026452378,0.0014657506
1.678654,0.50683516,0.1444369,0.27005756,0.0053020497,0.008437899,0.00035182448,0.0015003247
1.6847513,0.5194374,0.14299642,0.2700691,0.0033010084,0.008018678,0.00037430774,0.001537797
1.6908485,0.52854866,0.1410059,0.2707039,0.00265084,0.004881772,0.0003346482,0.0012687345
1.6969457,0.53208506,0.13931859,0.27076015,0.0016300498,0.003159061,0.000281565,0.0009996119
1.7030429,0.5319647,0.13571864,0.26997828,0.0009770235,0.0003202617,0.00022930825,0.0007301589
1.7091401,0.5298308,0.13489677,0.2694128,0.0011201393,0.0,0.00011066089,0.00039604877
1.7152373,0.53265035,0.13550915,0.27073938,0.0018151385,7.0905415e-05,0.0001510801,0.00056616863
1.7213346,0.53172743,0.13094606,0.27074638,0.0014251755,0.0,0.00017318882,0.00042202394
1.7274318,0.53285426,0.12804161,0.27087784,0.0014103317,0.0,0.00019162946,0.00046385647
1.733529,0.5337962,0.12715988,0.27087358,0.0020233316,0.0025538588,0.00033624505,0.0012891887
1.7396262,0.5329011,0.12102356,0.2707711,0.0017911821,0.0032823496,0.0003355488,0.0013087841
1.7457234,0.5303323,0.12264136,0.27086055,0.0044664573,0.0160099,0.00026922906,0.0015387633
1.7518207,0.5152664,0.119389355,0.2706033,0.0040170494,0.009714998,0.00028816515,0.001386992
1.7579179,0.5012265,0.117083624,0.27075118,0.0042334404,0.012905969,0.00031351415,0.0012422615
1.7640151,0.5042482,0.1095191,0.27073467,0.002386658,0.004818979,0.00024362147,0.0011134353
1.7701123,0.50982195,0.09945487,0.27070126,0.00198762,0.0022975265,0.00017400194,0.0007913455
1.7762095,0.5141192,0.09149263,0.2699117,0.0014726137,0.0001834562,0.00018818527,0.00057249307
1.7823067,0.5095405,0.079789996,0.2707828,0.0018500334,0.0020558229,0.00014804055,0.0007589139
1.788404,0.49643236,0.06799774,0.27046588,0.0018679523,0.0021911336,0.00011445127,0.0008252486
1.7945012,0.49924725,0.056800414,0.2703046,0.0018782459,0.004068378,0.00033472915,0.00088618544
1.8005984,0.49829525,0.04339569,0.26789355,0.0048490195,0.0067736795,0.000546308,0.0012565227
1.8066956,0.49649277,0.03616582,0.2677492,0.005594646,0.0037083253,7.874907e-05,0.0011974305
1.8127928,0.4931063,0.03141181,0.26366007,0.0017858644,0.013115849,0.00049852283,0.0011640629
1.8188901,0.48629385,0.02792972,0.26687014,0.005906024,0.027148375,0.0005728506,0.00061901915
1.8249873,0.48296767,0.026308598,0.2681786,0.009808828,0.038003273,0.00011605506,0.0008665233
1.8310845,0.47529995,0.024447238,0.2622053,0.023165654,0.049534008,0.0012152127,0.0011127543
1.8371817,0.46538016,0.022419794,0.26663044,0.018561425,0.035153616,0.0010990587,0.0007583504
1.8432789,0.46654907,0.02062305,0.26764908,0.019926172,0.030140867,0.00086411677,0.00059624057
1.8493762,0.46629238,0.021063285,0.26567936,0.019720476,0.031356797,0.00091754674,0.00063310727
1.8554734,0.4691036,0.020666717,0.2690121,0.027585488,0.044120852,0.001337935,0.0009231751
1.8615706,0.47140872,0.020774882,0.26877204,0.023744594,0.042843305,0.001321286,0.0009116873
1.8676678,0.44249707,0.018720869,0.25170207,0.033720706,0.06076613,0.0019176269,0.0013231626
1.873765,0.36212808,0.017617255,0.2484477,0.033274945,0.06028903,0.001870217,0.0012904498
1.8798623,0.29728353,0.016240397,0.26038614,0.026033122,0.059633322,0.0018607883,0.0012839439
1.8859595,0.315946,0.015793527,0.25774673,0.023250062,0.057722144,0.0016459681,0.0012011431
1.8920567,0.37198496,0.013675687,0.25794584,0.022629296,0.05891988,0.0012467777,0.0012254238
1.8981539,0.4081325,0.011450617,0.2635498,0.024951758,0.051313654,0.0012242503,0.0012281465
1.9042511,0.41011667,0.0101288855,0.26727104,0.01851324,0.043736387,0.0009420302,0.0012574898
1.9103484,0.42020372,0.00908953,0.2645629,0.0146523295,0.043684367,0.0006612982,0.001139853
1.9164455,0.4343727,0.008447019,0.2611408,0.010808095,0.035466224,5.9377366e-05,0.0010657754
1.9225428,0.43690872,0.007458042,0.26839757,0.0073680957,0.029896475,0.00021832043,0.0009384678
1.92864,0.4289365,0.00719428,0.262408,0.01110701,0.035444956,0.00044878275,0.0009724999
1.9347372,0.37117216,0.0076005613,0.26506776,0.009084345,0.034902245,0.00015130364,0.0009553562
1.9408345,0.24741995,0.007875311,0.25209206,0.009424253,0.04089712,0.000108805725,0.00092664856
1.9469316,0.1273819,0.0077416236,0.22734925,0.005307394,0.027098551,0.00018206298,0.0008394603
1.9530289,0.05302602,0.007964309,0.16178104,0.006036437,0.04142901,0.00012861547,0.00074756006
1.9591261,0.04182709,0.009911013,0.15090811,0.004696798,0.035438698,8.758441e-05,0.0007568294
1.9652233,0.04940079,0.01516506,0.154046,0.0061935415,0.030323865,6.1242525e-07,0.0006768999
1.9713205,0.092859685,0.023905437,0.20485243,0.0072087822,0.041528042,5.9089398e-05,0.0006882107
1.9774177,0.17062655,0.03459332,0.23581025,0.005026557,0.036313944,9.428136e-05,0.00070709153
1.983515,0.22904846,0.042960808,0.25125116,0.005222892,0.03425831,7.054553e-05,0.00074029685
1.9896122,0.21985161,0.04156948,0.24864444,0.0038852643,0.03324873,6.59157e-05,0.0007184882
1.9957094,0.1296657,0.030324413,0.23333547,0.006070542,0.036469083,0.00010943381,0.0006775688
2.0018067,0.03593257,0.020298751,0.089915514,0.005208422,0.034177236,6.637465e-05,0.00063270336
2.0079038,0.017069198,0.009237734,0.1025383,0.0051905042,0.030344693,5.9833554e-05,0.0005809608
2.0140011,0.020772392,0.013660839,0.07957776,0.004652966,0.028776491,3.005826e-05,0.000529856
2.0200982,0.041215725,0.026042026,0.1578274,0.0043817614,0.026801474,0.00010103698,0.00055194163
2.0223584,0.057549074,0.03200895,0.18004675,0.004342913,0.025694784,0.00011867388,0.0004983288
2.0298958,0.1055387,0.05276204,0.22234425,0.0038242834,0.022528745,7.391069e-05,0.00045387857
2.037433,0.11805062,0.06321306,0.21716367,0.00332252,0.01957361,5.7858906e-05,0.00038812953
2.0449703,0.10566862,0.054782443,0.21782808,0.0028540578,0.016373623,2.3574197e-05,0.00032463146
2.0525074,0.055902675,0.044568717,0.15533605,0.002601994,0.013812193,9.398131e-05,0.0002940072
2.0600448,0.052420855,0.03661156,0.21105658,0.002078626,0.011133105,4.0427153e-06,0.0002599267
2.067582,0.060348563,0.046137124,0.1735618,0.0017306361,0.008734098,7.896712e-05,0.0002543451
2.0751193,0.093642175,0.05832332,0.2054661,0.0013807914,0.006607482,2.8021874e-05,0.00021636662
2.0826566,0.12314815,0.073218584,0.21579964,0.0010742393,0.004930404,4.9623246e-05,0.00020187232
2.0901937,0.15405236,0.082648836,0.22752628,0.0009145686,0.003500018,1.940932e-05,0.0001636879
2.097731,0.19470452,0.08952009,0.23792967,0.0008012463,0.002534798,5.0857193e-07,0.00014586208
2.1052682,0.24980506,0.0942915,0.25158384,0.00072500535,0.0019418946,4.589414e-05,0.00011330368
2.1128056,0.27924722,0.098097116,0.25149405,0.0007100542,0.0017904799,2.237629e-05,0.00012708327
2.1203427,0.32166034,0.10123611,0.25783423,0.0007235638,0.0019007237,5.948312e-05,0.00010385994
2.12788,0.36339816,0.10586079,0.260814,0.0008320333,0.0025011783,2.5619383e-06,0.00015007095
2.1354175,0.3718252,0.11020118,0.2626966,0.00095659436,0.0034929812,6.581779e-05,0.00017234543
2.1429546,0.3310239,0.10969478,0.25799084,0.00088702264,0.0037626775,5.344519e-06,0.00016356446
2.150492,0.2921212,0.10874202,0.24845906,0.0010734712,0.003994576,4.988736e-05,0.00018399238
2.158029,0.30548185,0.10645497,0.2537563,0.0011812189,0.003641847,4.0222953e-05,0.00013784724
2.1655664,0.31957966,0.10868813,0.25467306,0.0006934679,0.0014857812,0.00010653281,0.00010517933
2.1731038,0.3529337,0.10893766,0.25758824,0.000556658,0.00014616542,2.4059875e-05,7.97334e-05
2.180641,0.38853294,0.1117302,0.26325628,0.00076426275,0.0008132443,6.62712e-05,7.635831e-05
2.1881783,0.4061947,0.10971628,0.26116678,0.0006798119,0.0010546619,4.1537032e-06,5.843738e-05
2.1957154,0.41395202,0.1063667,0.26274225,0.00055186695,0.00022892767,5.4967928e-05,5.285493e-05
2.2032528,0.42226774,0.10951723,0.26299563,0.00043918937,7.436351e-05,1.5654234e-05,2.6228525e-05
2.21079,0.41776383,0.10927817,0.26280013,0.0004899651,0.00028864268,8.0746e-05,2.8104372e-05
2.2183273,0.4180059,0.11537767,0.26255718,0.0005195105,0.00020395307,4.5785127e-06,4.4687265e-05
2.2258646,0.42064232,0.11229116,0.26223484,0.00046895232,1.15069615e-05,9.496223e-05,6.7474626e-05
2.2334018,0.42602095,0.11007066,0.2619255,0.00048261305,0.0002798656,6.6461057e-06,4.4613535e-05
2.2409391,0.4267879,0.10651417,0.26161167,0.00043490055,0.000323953,6.567349e-05,7.6772514e-05
2.2484763,0.42193612,0.10136832,0.2609294,0.00046021256,0.0,0.0,0.00011073352
2.2560136,0.42098236,0.09683049,0.25993255,0.0004451729,0.00022177202,4.249362e-05,9.97381e-05
2.2635508,0.4253333,0.09398685,0.2604607,0.00043229482,0.00020978953,8.295206e-05,0.0001378626
2.2710881,0.42411104,0.09306474,0.26006076,0.00044003615,0.00022524405,4.586122e-05,9.704567e-05
2.2786255,0.4205423,0.092349686,0.2596619,0.0004327889,0.00021633356,1.2144436e-05,8.8237306e-05
2.2861626,0.42371166,0.08890263,0.25926608,0.00042799942,0.00018229868,1.5400788e-05,6.1843486e-05
2.2937,0.42679727,0.0848477,0.25887233,0.0004161258,0.00015546041,2.8863422e-05,1.2815154e-05
2.301237,0.42680845,0.08735924,0.25825238,0.00041921635,0.00011730331,7.520127e-05,2.6853797e-05
2.3087745,0.42453733,0.08305988,0.25715575,0.00041912592,0.00010868101,4.337654e-05,2.5448502e-05
2.3163118,0.42146552,0.08433593,0.25520104,0.00041613076,0.00010386601,0.0,4.6599453e-06
2.323849,0.41896912,0.08377654,0.25376818,0.00045351102,8.6914966e-05,5.778225e-05,4.7854515e-05
2.3313863,0.41685,0.07678035,0.25302592,0.00043000944,6.408753e-05,0.0,1.75583e-05
2.3389235,0.41555965,0.07291147,0.25209415,0.0004347251,9.237123e-05,1.7416878e-05,1.8393586e-05
2.3464608,0.41432264,0.06838754,0.25529292,0.00042607912,6.626872e-05,2.1903785e-05,2.8026295e-06
2.353998,0.41173244,0.06713981,0.25078797,0.00044232956,6.5234824e-05,6.37753e-05,5.8520664e-07
2.3615353,0.40954587,0.06332981,0.25310078,0.0004433868,2.8462518e-05,2.7327034e-05,2.077444e-05
2.3690724,0.4074656,0.06257519,0.2538635,0.0004452588,3.6176185e-05,3.444053e-05,5.5710224e-08
2.3766098,0.4056396,0.05761594,0.25253224,0.0004294525,2.6784064e-05,7.385162e-05,0.0
2.3841472,0.4037334,0.05443173,0.25029445,0.00045847296,4.2381656e-05,0.0,3.66724e-05
2.3916843,0.4024638,0.056550402,0.25045568,0.00045563895,5.227353e-05,1.8068551e-05,3.4467448e-05
2.3992217,0.40076116,0.05526005,0.25297436,0.0004560802,9.087382e-05,0.0,6.27097e-05
2.4067588,0.3976276,0.051073153,0.25131783,0.00047966948,7.702297e-05,0.00018092131,5.5451863e-05
2.4142962,0.3940628,0.048747346,0.25173464,0.00051151705,0.00014402674,0.00015163257,9.753482e-05
2.4218335,0.39124623,0.044649012,0.25170553,0.0004820785,9.564392e-05,0.00040491455,6.6161534e-05
2.4293706,0.38795978,0.045405332,0.25150403,0.00049104646,0.00027228607,0.000116196316,0.00010794684
2.436908,0.38459942,0.04195461,0.2505507,0.00048307492,0.00032767153,0.00018035132,0.00020585577
2.4444451,0.38184956,0.039368697,0.25081453,0.00049848016,0.00024315131,8.6875145e-05,0.00026789898
2.4519825,0.37878183,0.038134564,0.24980953,0.0005681643,0.0007648771,5.6595018e-06,0.00048785692
2.4595196,0.3751281,0.03140182,0.24993087,0.0010485846,0.0043752044,0.0,0.00058144296
2.467057,0.36968574,0.030696588,0.24926916,0.0013671567,0.006136665,0.00019438536,0.00061749114
2.4745944,0.36013815,0.024727747,0.24894391,0.0010121028,0.0050380533,0.00021581339,0.0006277185
2.4821315,0.33666882,0.018993083,0.24630651,0.0017093886,0.008150541,0.00021153536,0.00073090376
2.4896688,0.32534555,0.016262256,0.24417323,0.0019293412,0.0052421903,0.0002122445,0.0007926875
2.497206,0.3314836,0.013046477,0.24160627,0.0028432913,0.014313174,0.0002129536,0.0007617423
